text,proxy_prediction,proxy_confidence,proxy_cost,oracle_prediction,oracle_cost
We're finally ready fyi,1,0.9999417087579568,1.4249999999999999e-05,1,0.00023750000000000003
Hope youåÕre not having too much fun without me!! see u tomorrow love jess x,1,0.99999985550202,1.65e-05,1,0.00027500000000000007
How do you guys go to see movies on your side.,1,0.9999869928705738,1.5149999999999999e-05,1,0.0002525
Message Important information for O2 user. Today is your lucky day! 2 find out why log onto http://www.urawinner.com there is a fantastic surprise awaiting you,0,0.9999999804443108,1.89e-05,0,0.00031500000000000007
Then u better go sleep.. Dun disturb u liao.. U wake up then msg me lor..,1,0.9999996940978232,1.635e-05,1,0.00027250000000000006
"Almost there, see u in a sec",1,0.9999999715466268,1.4699999999999998e-05,1,0.00024500000000000005
Wat makes u thk i'll fall down. But actually i thk i'm quite prone 2 falls. Lucky my dad at home i ask him come n fetch me already.,1,0.9997965730602427,1.86e-05,1,0.00031000000000000005
How are you holding up?,1,0.9999997300422347,1.4249999999999999e-05,1,0.00023750000000000003
Nvm take ur time.,1,0.9999982396562362,1.4249999999999999e-05,1,0.00023750000000000003
Hey loverboy! I love you !! I had to tell ... I look at your picture and ache to feel you between my legs ... Fuck I want you ... I need you ... I crave you .,1,0.9241418267688303,1.95e-05,1,0.00032500000000000004
Does not operate after  &lt;#&gt;  or what,0,0.9770226274974266,1.575e-05,1,0.00026250000000000004
Depends on where u going lor.,1,0.999995214903439,1.44e-05,1,0.00024
Understand. his loss is my gain :) so do you work? School?,1,0.9998766054458746,1.56e-05,1,0.00026000000000000003
Once free call me sir. I am waiting for you.,1,0.8519527963298946,1.5149999999999999e-05,1,0.0002525
"Yep, by the pretty sculpture",1,0.9999869928705738,1.44e-05,1,0.00024
Friendship poem: Dear O Dear U R Not Near But I Can Hear Dont Get Fear Live With Cheer No More Tear U R Always my Dear. Gud ni8,1,0.999995214903439,1.83e-05,1,0.00030500000000000004
Bring it if you got it,1,0.9959298627144747,1.44e-05,1,0.00024
"Motivate Behind every darkness, there is a shining light waiting for you to find it... Behind every best friend, there is always trust and love... BSLVYL",1,0.999996273359995,1.86e-05,1,0.00031000000000000005
Sorry. || mail? || ,1,0.9890130590088411,1.44e-05,1,0.00024
U are subscribed to the best Mobile Content Service in the UK for å£3 per ten days until you send STOP to 83435. Helpline 08706091795.,0,0.9999989322966687,1.8750000000000002e-05,0,0.00031250000000000006
I.ll post her out l8r. In class,1,0.9998415638286932,1.5149999999999999e-05,1,0.0002525
Lol ok your forgiven :),1,0.9999999226557351,1.4099999999999999e-05,1,0.00023500000000000002
"Got ur mail Dileep.thank you so muchand look forward to lots of support...very less contacts here,remember one venugopal you mentioned.tomorrow if not late,i shall try to come up till there.goodnight dear.",1,0.9999962733591065,2.055e-05,1,0.00034250000000000003
You still coming tonight?,1,0.9999989322973052,1.4099999999999999e-05,1,0.00023500000000000002
K..then come wenever u lik to come and also tel vikky to come by getting free time..:-),1,0.9999982396564461,1.695e-05,1,0.00028250000000000004
Then i buy.,1,0.9399133494052115,1.3949999999999999e-05,1,0.0002325
Where you. What happen,1,0.998073265212425,1.4249999999999999e-05,1,0.00023750000000000003
I'm ok. Will do my part tomorrow,1,0.9999999677581121,1.4699999999999998e-05,1,0.00024500000000000005
"Orange customer, you may now claim your FREE CAMERA PHONE upgrade for your loyalty. Call now on 0207 153 9996. Offer ends 14thMarch. T&C's apply. Opt-out availa",0,0.9999921107396511,2.01e-05,0,0.00033500000000000007
(That said can you text him one more time?),1,0.9999251537671867,1.4999999999999999e-05,1,0.00025000000000000006
Lol no. Just trying to make your day a little more interesting,1,0.9999993524051537,1.545e-05,1,0.0002575
PICK UR FONE UP NOW U DUMB?,0,0.5621765008857982,1.4849999999999998e-05,1,0.00024750000000000005
Oh is it? Send me the address,1,0.999088948815348,1.4699999999999998e-05,1,0.00024500000000000005
Whats the staff name who is taking class for us?,1,0.9999982396562362,1.4999999999999999e-05,1,0.00025000000000000006
"(No promises on when though, haven't even gotten dinner yet)",1,0.9994472214833158,1.53e-05,1,0.00025500000000000007
But you dint in touch with me.,1,0.9770226324734456,1.4549999999999998e-05,1,0.0002425
Am in gobi arts college,1,0.9999962733595507,1.44e-05,1,0.00024
"Maybe westshore or hyde park village, the place near my house?",1,0.9999977396760731,1.56e-05,1,0.00026000000000000003
I will come with karnan car. Please wait till 6pm will directly goto doctor.,1,0.9999996940978232,1.635e-05,1,0.00027250000000000006
I had askd u a question some hours before. Its answer,1,0.8519528019683105,1.545e-05,1,0.0002575
"Miss ya, need ya, want ya, love ya.",1,0.9999994956525543,1.5149999999999999e-05,1,0.0002525
Hi dis is yijue i would be happy to work wif Ì_ all for gek1510...,1,0.8807970748488297,1.6800000000000002e-05,1,0.00028000000000000003
"Night night, see you tomorrow",1,0.9999999907625574,1.44e-05,1,0.00024
U call me alter at 11 ok.,1,0.9999869928736748,1.4699999999999998e-05,1,0.00024500000000000005
"Congrats! 1 year special cinema pass for 2 is yours. call 09061209465 now! C Suprman V, Matrix3, StarWars3, etc all 4 FREE! bx420-ip4-5we. 150pm. Dont miss out! ",0,0.9999999918479768,2.205e-05,0,0.00036750000000000004
Speaking of does he have any cash yet?,1,0.8519528019683105,1.4699999999999998e-05,1,0.00024500000000000005
In meeting da. I will call you,1,0.9999999226557443,1.4699999999999998e-05,1,0.00024500000000000005
"Damn, poor zac doesn't stand a chance",1,0.998073264982959,1.4699999999999998e-05,1,0.00024500000000000005
What should i eat fo lunch senor,1,0.9999996940978597,1.4699999999999998e-05,1,0.00024500000000000005
Sac will score big hundred.he is set batsman:-),1,0.9999869928705738,1.5149999999999999e-05,1,0.0002525
Yes I posted a couple of pics on fb. There's still snow outside too. I'm just waking up :),1,0.9999999634651546,1.65e-05,1,0.00027500000000000007
We'll you pay over like  &lt;#&gt; yrs so its not too difficult,0,0.8175744828610095,1.635e-05,0,0.00027250000000000006
1's finish meeting call me.,1,0.8519528000888386,1.4549999999999998e-05,1,0.0002425
"I'm outside islands, head towards hard rock and you'll run into me",1,0.9992903295744809,1.545e-05,1,0.0002575
Nationwide auto centre (or something like that) on Newport road. I liked them there,1,0.9998415638286932,1.605e-05,1,0.00026750000000000005
Dont know you bring some food,1,0.8519527963298946,1.44e-05,1,0.00024
Not course. Only maths one day one chapter with in one month we can finish.,1,0.9859363728017917,1.59e-05,1,0.00026500000000000004
No no:)this is kallis home ground.amla home town is durban:),1,0.999964643734043,1.59e-05,1,0.00026500000000000004
"I don't have anybody's number, I still haven't thought up a tactful way to ask alex",1,0.9999921107405916,1.635e-05,1,0.00027250000000000006
 and  picking them up from various points,0,0.9046505293168444,1.4849999999999998e-05,1,0.00024750000000000005
";-( oh well, c u later",1,0.9999982396562362,1.4699999999999998e-05,1,0.00024500000000000005
cThen i thk shd b enuff.. Still got conclusion n contents pg n references.. I'll b doing da contents pg n cover pg..,1,0.9984988179739497,1.785e-05,1,0.0002975000000000001
Nothing spl..wat abt u and whr ru?,1,0.9997965730602427,1.5149999999999999e-05,1,0.0002525
HOW ARE U? I HAVE MISSED U! I HAVENT BEEN UP 2 MUCH A BIT BORED WITH THE HOLIDAY WANT 2 GO BAK 2 COLLEGE! SAD ISNT IT?xx,1,0.9999989322975598,1.995e-05,1,0.00033250000000000006
"Aight, you close by or still down around alex's place?",1,0.9999832985809043,1.545e-05,1,0.0002575
Okay... I booked all already... Including the one at bugis.,1,0.9999962733595507,1.545e-05,1,0.0002575
"Hmm... Dunno leh, mayb a bag 4 goigng out dat is not too small. Or jus anything except perfume, smth dat i can keep.",1,0.9999832985809043,1.86e-05,1,0.00031000000000000005
"Good evening Sir, Al Salam Wahleykkum.sharing a happy news.By the grace of God, i got an offer from Tayseer,TISSCO and i joined.Hope you are fine.Inshah Allah,meet you sometime.Rakhesh,visitor from India.",1,0.9999982396564461,2.16e-05,1,0.0003600000000000001
In xam hall boy asked girl Tell me the starting term for dis answer I can den manage on my own After lot of hesitation n lookin around silently she said THE! intha ponnungale ipaditan;),1,0.9820137906300968,1.995e-05,1,0.00033250000000000006
Still chance there. If you search hard you will get it..let have a try :),1,0.999925153785029,1.605e-05,1,0.00026750000000000005
"I'm gonna be home soon and i don't want to talk about this stuff anymore tonight, k? I've cried enough today.",1,0.9999998144609065,1.695e-05,1,0.00028250000000000004
Aight ill get on fb in a couple minutes,1,0.9999999397642249,1.4999999999999999e-05,1,0.00025000000000000006
Buy one egg for me da..please:),1,0.9999998724810084,1.4699999999999998e-05,1,0.00024500000000000005
I not busy juz dun wan 2 go so early.. Hee.. ,1,0.9999986290426913,1.575e-05,1,0.00026250000000000004
"Isn't frnd a necesity in life? imagine urself witout a frnd.. hw'd u feel at ur colleg? wat'll u do wth ur cell? wat abt functions? thnk abt events espe'll cared, missed &amp; irritated u? 4wrd it to all those dear-loving frnds wthout whom u cant live.. I jst did it.. Takecare..:) GOODMORNING",1,0.9998766054458746,2.7e-05,1,0.00045000000000000004
Lolnice. I went from a fish to ..water.?,1,0.9626731086399787,1.53e-05,1,0.00025500000000000007
Hey you can pay. With salary de. Only  &lt;#&gt; .,0,0.9997388095799353,1.62e-05,0,0.00027000000000000006
Oh yeah I forgot. U can only take 2 out shopping at once.,1,0.9999832985789135,1.575e-05,1,0.00026250000000000004
I am sorry it hurt you.,1,0.9999938558264074,1.44e-05,1,0.00024
"Height of \Oh shit....!!\"" situation: A guy throws a luv letter on a gal but falls on her brothers head whos a gay",1,0.9241418257242036,1.785e-05,1,0.0002975000000000001
HI DARLIN HOW WAS WORK DID U GET INTO TROUBLE? IJUST TALKED TO YOUR MUM ALL MORNING! I HAD A REALLY GOOD TIME LAST NIGHT IM GOIN OUT SOON BUT CALL ME IF U CAN,1,0.9999977396760731,2.025e-05,1,0.00033750000000000007
But my family not responding for anything. Now am in room not went to home for diwali but no one called me and why not coming. It makes me feel like died.,1,0.999925153785029,1.8750000000000002e-05,1,0.00031250000000000006
Heehee that was so funny tho,1,0.9999999006879883,1.4699999999999998e-05,1,0.00024500000000000005
Haha... can... But i'm having dinner with my cousin...,1,0.9999869928705738,1.5149999999999999e-05,1,0.0002525
Msgs r not time pass.They silently say that I am thinking of U right now and also making U think of me at least 4 a moment. Gd nt.swt drms @Shesil,1,0.9999417087579568,1.965e-05,1,0.00032750000000000005
I miss you so much I'm so desparate I have recorded the message you left for me the other day and listen to it just to hear the sound of your voice. I love you,1,0.9999994956525543,1.905e-05,1,0.0003175000000000001
Or I guess  &lt;#&gt;  min,0,0.9820137908274928,1.545e-05,1,0.0002575
I'm e person who's doing e sms survey...,1,0.7772998663336158,1.4699999999999998e-05,1,0.00024500000000000005
"Aight will do, thanks again for comin out",1,0.9999999468421019,1.5149999999999999e-05,1,0.0002525
We got a divorce. Lol. She.s here,1,0.9914225133587057,1.4999999999999999e-05,1,0.00025000000000000006
Pls speak to that customer machan.,1,0.9999921107405916,1.4699999999999998e-05,1,0.00024500000000000005
"I'm in solihull, | do you want anything?",1,0.9999989322975598,1.5149999999999999e-05,1,0.0002525
Height of recycling: Read twice- People spend time for earning money and the same money is spent for spending time!;-) Good morning.. keep smiling:-),1,0.9999546021334291,1.815e-05,1,0.00030250000000000003
When/where do I pick you up,1,0.9999998144609508,1.4699999999999998e-05,1,0.00024500000000000005
Hey you still want to go for yogasana? Coz if we end at cine then can go bathe and hav the steam bath,1,0.999993855825675,1.755e-05,1,0.00029250000000000006
"Me, i dont know again oh",1,0.9999417087510087,1.4549999999999998e-05,1,0.0002425
Hi mate its RV did u hav a nice hol just a message 3 say hello coz havenåÕt sent u 1 in ages started driving so stay off roads!RVx,1,0.9999546021334291,1.905e-05,1,0.0003175000000000001
Nan sonathaya soladha. Why boss?,1,0.8519528000888386,1.4849999999999998e-05,1,0.00024750000000000005
I'm okay. Chasing the dream. What's good. What are you doing next.,1,0.9999999397642176,1.59e-05,1,0.00026500000000000004
"chile, please! It's only a  &lt;DECIMAL&gt;  hour drive for me. I come down all the time and will be subletting feb-april for audition season.",1,0.9994472214174237,1.935e-05,1,0.00032250000000000003
Message:some text missing* Sender:Name Missing* *Number Missing *Sent:Date missing *Missing U a lot thats y everything is missing sent via fullonsms.com,0,0.9706877662807619,1.8750000000000002e-05,1,0.00031250000000000006
No message..no responce..what happend?,1,0.9859363728017917,1.4999999999999999e-05,1,0.00025000000000000006
Customer place i will call you.,1,0.9947798737115837,1.44e-05,1,0.00024
"Hello.How u doing?What u been up 2?When will u b moving out of the flat, cos I will need to arrange to pick up the lamp, etc. Take care. Hello caroline!",1,0.9999921107405916,1.98e-05,1,0.00033000000000000005
How much she payed. Suganya.,0,0.817574471748733,1.4699999999999998e-05,1,0.00024500000000000005
Great News! Call FREEFONE 08006344447 to claim your guaranteed å£1000 CASH or å£2000 gift. Speak to a live operator NOW!,0,0.9999999996839117,1.86e-05,0,0.00031000000000000005
Your next amazing xxx PICSFREE1 video will be sent to you enjoy! If one vid is not enough for 2day text back the keyword PICSFREE1 to get the next video.,0,0.999999607213911,1.935e-05,0,0.00032250000000000003
What time you coming down later? ,1,0.9999996940977868,1.4549999999999998e-05,1,0.0002425
Wanna do some art?! :D,1,0.9999999468421019,1.4549999999999998e-05,1,0.0002425
K:)k.are you in college?,1,0.999978555052562,1.4549999999999998e-05,1,0.0002425
"Carlos took a while (again), we leave in a minute",1,0.9999998724810084,1.53e-05,1,0.00025500000000000007
Everybody had fun this evening. Miss you.,1,0.9999998362623601,1.4699999999999998e-05,1,0.00024500000000000005
I will spoil you in bed as well :),1,0.9820137865505766,1.4699999999999998e-05,1,0.00024500000000000005
I'm already back home so no probably not,1,0.9999417087093174,1.4699999999999998e-05,1,0.00024500000000000005
what are your new years plans?,1,0.9999998144609065,1.44e-05,1,0.00024
I remain unconvinced that this isn't an elaborate test of my willpower,1,0.9998766054311666,1.575e-05,1,0.00026250000000000004
No plm i will come da. On the way.,1,0.9999999123574772,1.5149999999999999e-05,1,0.0002525
"Cool, what time you think you can get here?",1,0.9999999317439171,1.4999999999999999e-05,1,0.00025000000000000006
"It could work, we'll reach a consensus at the next meeting",1,0.9999999748899893,1.53e-05,1,0.00025500000000000007
Check with nuerologist.,1,0.999996273359995,1.4249999999999999e-05,1,0.00023750000000000003
Good morning princess! Happy New Year!,1,0.9999995549149681,1.4549999999999998e-05,1,0.0002425
Yeah. I got a list with only u and Joanna if I'm feeling really anti social,1,0.9999970976871072,1.605e-05,1,0.00026750000000000005
OK i'm waliking ard now... Do u wan me 2 buy anything go ur house?,1,0.9999977396760731,1.62e-05,1,0.00027000000000000006
I'm sorry. I've joined the league of people that dont keep in touch. You mean a great deal to me. You have been a friend at all times even at great personal cost. Do have a great week.|,1,0.9999998555020372,1.98e-05,1,0.00033000000000000005
Pls come quick cant bare this.,1,0.9947798737115837,1.4549999999999998e-05,1,0.0002425
Will you come online today night,1,0.9999970976888373,1.44e-05,1,0.00024
Eh sorry leh... I din c ur msg. Not sad already lar. Me watching tv now. U still in office?,1,0.9999997897566935,1.71e-05,1,0.00028500000000000004
"What do you do, my dog ? Must I always wait till the end of your day to have word from you ? Did you run out of time on your cell already?",1,0.9998415638286932,1.86e-05,1,0.00031000000000000005
Future is not what we planned for tomorrow.....! it is the result of what we do today...! Do the best in present... enjoy the future.,1,0.9999996072136769,1.8e-05,1,0.00030000000000000003
make that 3! 4 fucks sake?! x,0,0.7772998508568416,1.53e-05,1,0.00025500000000000007
Wat time Ì_ finish?,1,0.9997388095799353,1.44e-05,1,0.00024
tap & spile at seven. * Is that pub on gas st off broad st by canal. Ok?,1,0.9997388096110635,1.665e-05,1,0.0002775
Okie.. Thanx..,1,0.9999998362623601,1.4249999999999999e-05,1,0.00023750000000000003
I dled 3d its very imp,1,0.8519528057272543,1.4849999999999998e-05,1,0.00024750000000000005
Cbe is really good nowadays:)lot of shop and showrooms:)city is shaping good.,1,0.9999994956524941,1.62e-05,1,0.00027000000000000006
I am waiting machan. Call me once you free.,1,0.999996273359995,1.5149999999999999e-05,1,0.0002525
"By the way, 'rencontre' is to meet again. Mountains dont....",1,0.9914225133587057,1.575e-05,1,0.00026250000000000004
"Rock yr chik. Get 100's of filthy films &XXX pics on yr phone now. rply FILTH to 69669. Saristar Ltd, E14 9YT 08701752560. 450p per 5 days. Stop2 cancel",0,0.9999999996839117,2.16e-05,0,0.0003600000000000001
"XXXMobileMovieClub: To use your credit, click the WAP link in the next txt message or click here>> http://wap. xxxmobilemovieclub.com?n=QJKGIGHJJGCBL",0,0.9999962733595507,1.995e-05,0,0.00033250000000000006
"My life Means a lot to me, Not because I love my life, But because I love the people in my life, The world calls them friends, I call them my World:-).. Ge:-)..",1,0.9999994284993743,1.965e-05,1,0.00032750000000000005
True lov n care wil nevr go unrecognized. though somone often makes mistakes when valuing it. but they will definitly undrstnd once when they start missing it.,1,0.9999417087093174,1.89e-05,1,0.00031500000000000007
"Hey, a guy I know is breathing down my neck to get him some bud, anyway you'd be able to get a half track to usf tonight?",0,0.9999417087093174,1.8e-05,0,0.00030000000000000003
Alright took the morphine. Back in yo.,1,0.8519527944504227,1.4999999999999999e-05,0,0.00025000000000000006
K..k:)where are you?how did you performed?,1,0.9998415638286932,1.53e-05,1,0.00025500000000000007
Dont forget you can place as many FREE Requests with 1stchoice.co.uk as you wish. For more Information call 08707808226.,0,0.6224593312018546,1.785e-05,0,0.0002975000000000001
"When I was born, GOD said, \Oh No! Another IDIOT\"". When you were born",1,0.8807970795424088,1.6800000000000002e-05,1,0.00028000000000000003
"Uh, heads up we don't have THAT much left",1,0.9241418126663686,1.4999999999999999e-05,1,0.00025000000000000006
K:)k..its good:)when are you going?,1,0.9999993524049993,1.5149999999999999e-05,1,0.0002525
S da..al r above  &lt;#&gt;,0,0.9999251537761079,1.545e-05,1,0.0002575
I canåÕt wait for cornwall. Hope tonight isnåÕt too bad as well but itåÕs rock night shite. Anyway iåÕm going for a kip now have a good night. Speak to you soon.,1,0.9988304898000835,2.085e-05,1,0.00034750000000000004
Good evening! this is roger. How are you?,1,0.9999999530883249,1.5149999999999999e-05,1,0.0002525
Big brotherÛ÷s really scraped the barrel with this shower of social misfits,1,0.5,1.635e-05,1,0.00027250000000000006
She.s find. I sent you an offline message to know how anjola's now.,1,0.9968273173106764,1.62e-05,1,0.00027000000000000006
"Sorry, went to bed early, nightnight",1,0.9999999530883249,1.4849999999999998e-05,1,0.00024750000000000005
Yup,1,0.9999970976884913,1.3649999999999998e-05,1,0.00022750000000000003
Hey... What time is your driving on fri? We go for evaluation on fri?,1,0.9999546021334291,1.59e-05,1,0.00026500000000000004
Fwiw the reason I'm only around when it's time to smoke is that because of gas I can only afford to be around when someone tells me to be and that apparently only happens when somebody wants to light up,1,0.9241418199787564,1.98e-05,1,0.00033000000000000005
"That's fine, have him give me a call if he knows what he wants or has any questions",1,0.9999997617631575,1.635e-05,1,0.00027250000000000006
Gd luck 4 ur exams :-),1,0.9999999950555462,1.4549999999999998e-05,1,0.0002425
Hi where you. You in home or calicut?,1,0.9992903297435182,1.4999999999999999e-05,1,0.00025000000000000006
"Auction round 4. The highest bid is now å£54. Next maximum bid is å£71. To bid, send BIDS e. g. 10 (to bid å£10) to 83383. Good luck.",0,0.9770226305917578,2.0700000000000002e-05,0,0.00034500000000000004
ok. I am a gentleman and will treat you with dignity and respect.,1,0.9999996072138642,1.56e-05,1,0.00026000000000000003
K do I need a login or anything,1,0.9995694428819882,1.4699999999999998e-05,1,0.00024500000000000005
"Hi frnd, which is best way to avoid missunderstding wit our beloved one's?",1,0.9999977396760731,1.62e-05,1,0.00027000000000000006
I'm also came to room.,1,0.9947798730731996,1.4249999999999999e-05,1,0.00023750000000000003
Are you going to write ccna exam this week??,1,0.9997965730844881,1.4999999999999999e-05,1,0.00025000000000000006
"Yo carlos, a few friends are already asking me about you, you working at all this weekend?",1,0.9999977396760731,1.65e-05,1,0.00027500000000000007
Yes. Rent is very expensive so its the way we save.,1,0.9999251537761079,1.53e-05,1,0.00025500000000000007
I want to be there so i can kiss you and feel you next to me,1,0.9999997617631575,1.59e-05,1,0.00026500000000000004
Love it! Daddy will make you scream with pleasure! I am going to slap your ass with my dick!,0,0.9999999936511972,1.665e-05,0,0.0002775
I'm wif him now buying tix lar...,1,0.9999982396562362,1.4849999999999998e-05,1,0.00024750000000000005
You busy or can I come by at some point and figure out what we're doing tomorrow,1,0.9999999530883306,1.605e-05,1,0.00026750000000000005
How is your schedule next week? I am out of town this weekend.,1,0.9999989322975598,1.56e-05,1,0.00026000000000000003
Hows the champ just leaving glasgow!,1,0.9999832985769227,1.4699999999999998e-05,1,0.00024500000000000005
dont make ne plans for nxt wknd coz she wants us to come down then ok,1,0.9999977396763425,1.605e-05,1,0.00026750000000000005
I am in office:)whats the matter..msg me now.i will call you at break:).,1,0.9999938558271398,1.65e-05,1,0.00027500000000000007
Ya even those cookies have jelly on them,1,0.9999038975548781,1.4699999999999998e-05,1,0.00024500000000000005
Tell me something. Thats okay.,1,0.9999898700094779,1.44e-05,1,0.00024
"Awesome, lemme know whenever you're around",1,0.9999998362623406,1.4699999999999998e-05,1,0.00024500000000000005
I wan but too early lei... Me outside now wun b home so early... Neva mind then...,1,0.9999869928705738,1.65e-05,1,0.00027500000000000007
"That's cool, I'll come by like  &lt;#&gt; ish",1,0.9997388095799353,1.59e-05,1,0.00026500000000000004
"Whats that coming over the hill..... Is it a monster! Hope you have a great day. Things r going fine here, busy though! ",1,0.9999952149040094,1.77e-05,1,0.00029500000000000007
Happy New Year Princess!,1,0.9999996940977868,1.4099999999999999e-05,1,0.00023500000000000002
Yeah confirmed for you staying at  that weekend,1,0.9999898700094779,1.4849999999999998e-05,1,0.00024750000000000005
"Alright, we're all set here, text the man",1,0.9999952149062912,1.5149999999999999e-05,1,0.0002525
"you are sweet as well, princess. Please tell me your likes and dislikes in bed...",0,0.622459338205511,1.605e-05,0,0.00026750000000000005
Neshanth..tel me who r u?,1,0.9990889489239079,1.4849999999999998e-05,1,0.00024750000000000005
"Hey babe, sorry i didn't get sooner. Gary can come and fix it cause he thinks he knows what it is but he doesn't go as far a Ptbo and he says it will cost  &lt;#&gt;  bucks. I don't know if it might be cheaper to find someone there ? We don't have any second hand machines at all right now, let me know what you want to do babe",0,0.7772998663336158,2.595e-05,1,0.00043250000000000005
The 2 oz guy is being kinda flaky but one friend is interested in picking up $ &lt;#&gt;  worth tonight if possible,0,0.9241418147556224,1.8e-05,0,0.00030000000000000003
Now got tv 2 watch meh? U no work today?,1,0.9994472213515638,1.53e-05,1,0.00025500000000000007
Lol! U drunkard! Just doing my hair at d moment. Yeah still up 4 tonight. Wats the plan? ,1,0.9999994956525543,1.74e-05,1,0.00029000000000000006
I'm really not up to it still tonight babe,1,0.9999982396562362,1.4849999999999998e-05,1,0.00024750000000000005
"Û_ we r stayin here an extra week, back next wed. How did we do in the rugby this weekend? Hi to and and , c u soon \""ham""",1,0.9992903297435182,1.935e-05,1,0.00032250000000000003
K... Must book a not huh? so going for yoga basic on sunday?,1,0.998073264982959,1.575e-05,1,0.00026250000000000004
Watch lor. I saw a few swatch one i thk quite ok. Ard 116 but i need 2nd opinion leh...,1,0.9999546021280177,1.755e-05,1,0.00029250000000000006
HI DARLIN IM MISSIN U HOPE YOU ARE HAVING A GOOD TIME. WHEN ARE U BACK AND WHAT TIME IF U CAN GIVE ME A CALL AT HOME. JESS XX,1,0.9999994956525543,1.905e-05,1,0.0003175000000000001
Serious? What like proper tongued her,0,0.9947798743112779,1.4699999999999998e-05,1,0.00024500000000000005
Yo theres no class tmrw right?,1,0.9999991684718114,1.4699999999999998e-05,1,0.00024500000000000005
when you and derek done with class?,1,0.9999991684716132,1.4699999999999998e-05,1,0.00024500000000000005
Amazing : If you rearrange these letters it gives the same meaning... Dormitory = Dirty room Astronomer = Moon starer The eyes = They see Election results = Lies lets recount Mother-in-law = Woman Hitler Eleven plus two =Twelve plus one Its Amazing... !:-),1,0.9999417087579568,2.19e-05,1,0.00036500000000000004
Gud ni8 dear..slp well..take care..swt dreams..Muah..,1,0.9999999317439089,1.62e-05,1,0.00027000000000000006
Now only i reached home. . . I am very tired now. . I will come tomorro,1,0.9999996072138642,1.65e-05,1,0.00027500000000000007
So what did the bank say about the money?,1,0.9998766054311666,1.4849999999999998e-05,1,0.00024750000000000005
"Cool, I'll text you when I'm on the way",1,0.9999999748899893,1.4999999999999999e-05,1,0.00025000000000000006
This is hoping you enjoyed your game yesterday. Sorry i've not been in touch but pls know that you are fondly bein thot off. Have a great week. Abiola,1,0.9999995549148619,1.8750000000000002e-05,1,0.00031250000000000006
tells u 2 call 09066358152 to claim å£5000 prize. U have 2 enter all ur mobile & personal details @ the prompts. Careful!,0,0.9999999999572221,1.8750000000000002e-05,0,0.00031250000000000006
Hey i'm bored... So i'm thinking of u... So wat r u doing?,1,0.9999994956525543,1.575e-05,1,0.00026250000000000004
"Dont worry, 1 day very big lambu ji vl come..til then enjoy batchlor party:-)",1,0.9999038975548781,1.665e-05,1,0.0002775
Can you use foreign stamps for whatever you send them off for? ,1,0.9999417087579568,1.545e-05,1,0.0002575
"Imagine you finally get to sink into that bath after I have put you through your paces, maybe even having you eat me for a while before I left ... But also imagine the feel of that cage on your cock surrounded by the bath water, reminding you always who owns you ... Enjoy, my cuck",0,0.9999646437635458,2.25e-05,1,0.00037500000000000006
NEFT Transaction with reference number  &lt;#&gt;  for Rs. &lt;DECIMAL&gt;  has been credited to the beneficiary account on  &lt;#&gt;  at  &lt;TIME&gt; : &lt;#&gt;,0,0.7772998714925403,2.22e-05,1,0.00037000000000000005
As a registered optin subscriber ur draw 4 å£100 gift voucher will be entered on receipt of a correct ans to 80062 Whats No1 in the BBC charts,0,0.9999938558264074,1.8750000000000002e-05,0,0.00031250000000000006
"What do u reckon as need 2 arrange transport if u can't do it, thanks",1,0.9999869928705738,1.605e-05,1,0.00026750000000000005
Pls clarify back if an open return ticket that i have can be preponed for me to go back to kerala.,1,0.999995214903439,1.725e-05,1,0.00028750000000000005
No let me do the math. Your not good at it.,1,0.6791787056691698,1.53e-05,1,0.00025500000000000007
Goodmorning sleeping ga.,1,0.9999417087579568,1.4249999999999999e-05,1,0.00023750000000000003
Ha ha ha good joke. Girls are situation seekers.,1,0.9997965730844881,1.4999999999999999e-05,1,0.00025000000000000006
Watching telugu movie..wat abt u?,1,0.9999999530883249,1.4849999999999998e-05,1,0.00024750000000000005
"Once a fishrman woke early in d mrng. It was very dark. He waited a while &amp; found a sack ful of stones. He strtd throwin thm in2 d sea 2 pass time. Atlast he had jus 1stone, sun rose up &amp; he found out tht those r nt stones, those were diamonds. Moral:\Dont wake up early in d mrng'' GOOD night""",1,0.880797071719777,2.685e-05,1,0.00044750000000000004
Really do hope the work doesnt get stressful. Have a gr8 day.,1,0.9999999317439171,1.56e-05,1,0.00026000000000000003
Now press conference da:),1,0.9988304898000835,1.4099999999999999e-05,1,0.00023500000000000002
Been up to ne thing interesting. Did you have a good birthday? When are u wrking nxt? I started uni today.,1,0.9999938558264074,1.725e-05,1,0.00028750000000000005
Did either of you have any idea's? Do you know of anyplaces doing something?,1,0.9959298627144747,1.605e-05,1,0.00026750000000000005
Wait.i will come out.. &lt;#&gt;  min:),1,0.9992903295744809,1.575e-05,1,0.00026250000000000004
Mm have some kanji dont eat anything heavy ok,1,0.9994472213515959,1.4999999999999999e-05,1,0.00025000000000000006
Shall i get my pouch?,1,0.9999898700058554,1.4249999999999999e-05,1,0.00023750000000000003
"I can make it up there, squeezed  &lt;#&gt;  bucks out of my dad",1,0.5621765008857981,1.6800000000000002e-05,1,0.00028000000000000003
Ur cash-balance is currently 500 pounds - to maximize ur cash-in now send GO to 86688 only 150p/meg. CC: 08718720201 HG/Suite342/2lands Row/W1j6HL,0,0.99999994684214,2.085e-05,0,0.00034750000000000004
Thank you princess! I want to see your nice juicy booty...,0,0.999999607213911,1.53e-05,0,0.00025500000000000007
ALRITE,1,0.9998766054458746,1.3949999999999999e-05,1,0.0002325
HEY MATE! HOWS U HONEY?DID U AVE GOOD HOLIDAY? GIMMI DE GOSS!x,1,0.9998415638475772,1.77e-05,1,0.00029500000000000007
Sounds like you have many talents! would you like to go on a dinner date next week?,1,0.9999982396562362,1.62e-05,1,0.00027000000000000006
Staff of placement training in Amrita college.,1,0.9990889487068413,1.4699999999999998e-05,1,0.00024500000000000005
K go and sleep well. Take rest:-).,1,0.9999999881388706,1.4849999999999998e-05,1,0.00024750000000000005
Leaving to qatar tonite in search of an opportunity.all went fast.pls add me in ur prayers dear.Rakhesh,1,0.9999991684717123,1.725e-05,1,0.00028750000000000005
Rofl betta invest in some  anti aging products,1,0.9399133552961427,1.53e-05,1,0.00025500000000000007
U wake up already? Thanx 4 e tau sar piah it's quite nice.,1,0.9999938558264074,1.605e-05,1,0.00026750000000000005
Dnt worry...use ice pieces in a cloth pack.also take 2 tablets.,1,0.9999785550551181,1.605e-05,1,0.00026750000000000005
"For ur chance to win a å£250 cash every wk TXT: ACTION to 80608. T's&C's www.movietrivia.tv custcare 08712405022, 1x150p/wk",0,0.999996273359995,2.025e-05,0,0.00033750000000000007
Want a new Video Phone? 750 anytime any network mins? Half price line rental free text for 3 months? Reply or call 08000930705 for free delivery,0,0.9999977396763425,1.8750000000000002e-05,0,0.00031250000000000006
"Our dating service has been asked 2 contact U by someone shy! CALL 09058091870 NOW all will be revealed. POBox84, M26 3UZ 150p",0,0.9999999928058656,1.92e-05,0,0.00032
And I don't plan on staying the night but I prolly won't be back til late,1,0.9999977396763425,1.605e-05,1,0.00026750000000000005
Captain is in our room:),1,0.9999417087579568,1.4249999999999999e-05,1,0.00023750000000000003
I will reach office around  &lt;DECIMAL&gt; . &amp; my mobile have problem. You cann't get my voice. So call you asa i'll free,1,0.9241418257242036,1.8750000000000002e-05,1,0.00031250000000000006
Oh you got many responsibilities.,1,0.9997388095799353,1.4249999999999999e-05,1,0.00023750000000000003
"Goodnight, sleep well da please take care pa. Please.",1,0.9999997617631291,1.53e-05,1,0.00025500000000000007
Dorothy@kiefer.com (Bank of Granite issues Strong-Buy) EXPLOSIVE PICK FOR OUR MEMBERS *****UP OVER 300% *********** Nasdaq Symbol CDGT That is a $5.00 per..,0,0.9999999966017312,1.965e-05,0,0.00032750000000000005
Or ill be a little closer like at the bus stop on the same street,1,0.9999970976871072,1.575e-05,1,0.00026250000000000004
From here after The performance award is calculated every two month.not for current one month period..,1,0.6224593241981982,1.605e-05,1,0.00026750000000000005
Goodnight da thangam I really miss u dear.,1,0.9999999006880002,1.5149999999999999e-05,1,0.0002525
Your bill at 3 is å£33.65 so thats not bad!,0,0.6224593312018545,1.575e-05,1,0.00026250000000000004
Oh wow thats gay. Will firmware update help,1,0.7772998611746912,1.4849999999999998e-05,1,0.00024750000000000005
26th OF JULY,1,0.7772998663336157,1.44e-05,1,0.00024
On the way to office da..,1,0.9999994956526145,1.44e-05,1,0.00024
Lol for real. She told my dad I have cancer,1,0.8807970779778824,1.5149999999999999e-05,1,0.0002525
Dunno leh cant remember mayb lor. So wat time r we meeting tmr?,1,0.9999962733595507,1.605e-05,1,0.00026750000000000005
Oh k :)why you got job then whats up?,1,0.9999898700082703,1.4999999999999999e-05,1,0.00025000000000000006
All will come alive.better correct any good looking figure there itself..,0,0.9399133433038894,1.545e-05,0,0.0002575
"Hello, my love. What are you doing? Did you get to that interview today? Are you you happy? Are you being a good boy? Do you think of me?Are you missing me ?",1,0.9999970976891832,1.95e-05,1,0.00032500000000000004
If you hear a loud scream in about &lt;#&gt; minutes its cause my Gyno will be shoving things up me that don't belong :/,1,0.9975273773343737,1.83e-05,1,0.00030500000000000004
Mm yes dear look how i am hugging you both. :-P,1,0.9999970976867613,1.545e-05,1,0.0002575
Ok no prob,1,0.9999998874647759,1.3949999999999999e-05,1,0.0002325
Nah dub but je still buff,1,0.880797071719777,1.44e-05,1,0.00024
"Go until jurong point, crazy.. Available only in bugis n great world la e buffet... Cine there got amore wat...",1,0.9968273173106764,1.725e-05,1,0.00028750000000000005
Aight do you still want to get money,1,0.622459338205511,1.4849999999999998e-05,0,0.00024750000000000005
100 dating service cal;l 09064012103 box334sk38ch,0,0.9999999928058647,1.59e-05,0,0.00026500000000000004
Hi this is yijue... It's regarding the 3230 textbook it's intro to algorithms second edition... I'm selling it for $50...,1,0.5621765008857981,1.755e-05,1,0.00029250000000000006
Customer Loyalty Offer:The NEW Nokia6650 Mobile from ONLY å£10 at TXTAUCTION! Txt word: START to No: 81151 & get yours Now! 4T&Ctxt TC 150p/MTmsg,0,0.9999996072139578,2.055e-05,0,0.00034250000000000003
Ah you see. You have to be in the lingo. I will let you know wot on earth it is when has finished making it!,1,0.9990889485983344,1.785e-05,1,0.0002975000000000001
Which is why i never wanted to tell you any of this. Which is why i'm so short with you and on-edge as of late.,1,0.9999952149074319,1.755e-05,1,0.00029250000000000006
Thinkin about someone is all good. No drugs for that,1,0.9995694429845969,1.53e-05,1,0.00025500000000000007
"Mmmmm ... It was sooooo good to wake to your words this morning, my Love!! Mmmm fuck ... I love you too, my Lion ... *devouring kiss from across the sea*",1,0.9999982396560264,1.935e-05,1,0.00032250000000000003
Then dun wear jeans lor...,1,0.9998766054311666,1.4249999999999999e-05,1,0.00023750000000000003
So that takes away some money worries,1,0.9998766054311666,1.4549999999999998e-05,1,0.0002425
Are you available for soiree on June 3rd?,1,0.9999832985769227,1.53e-05,1,0.00025500000000000007
Quite late lar... Ard 12 anyway i wun b drivin...,1,0.9999970976867613,1.545e-05,1,0.0002575
I'll text you when I drop x off,1,0.9999996072138173,1.4699999999999998e-05,1,0.00024500000000000005
Esplanade lor. Where else...,1,0.9820137906300968,1.4549999999999998e-05,1,0.0002425
Just trying to figure out when I'm suppose to see a couple different people this week. We said we'd get together but I didn't set dates,1,0.9999999778404906,1.755e-05,1,0.00029250000000000006
Hurt me... Tease me... Make me cry... But in the end of my life when i die plz keep one rose on my grave and say STUPID I MISS U.. HAVE A NICE DAY BSLVYL,1,0.9968273169329268,2.04e-05,1,0.0003400000000000001
How dare you change my ring,1,0.9859363711359409,1.44e-05,1,0.00024
Call me when u finish then i come n pick u.,1,0.9999986290430182,1.5149999999999999e-05,1,0.0002525
Tone Club: Your subs has now expired 2 re-sub reply MONOC 4 monos or POLYC 4 polys 1 weekly @ 150p per week Txt STOP 2 stop This msg free Stream 0871212025016,0,0.9999038975777871,2.0700000000000002e-05,0,0.00034500000000000004
In other news after hassling me to get him weed for a week andres has no money. HAUGHAIGHGTUJHYGUJ,1,0.5,1.785e-05,1,0.0002975000000000001
"Hi hope u r both ok, he said he would text and he hasn't, have u seen him, let me down gently please ",1,0.9999952149040094,1.74e-05,1,0.00029000000000000006
"Yeah, I'll leave in a couple minutes &amp; let you know when I get to mu",1,0.9999832985789135,1.635e-05,1,0.00027250000000000006
S:-)kallis wont play in first two odi:-),1,0.9999646437635458,1.53e-05,1,0.00025500000000000007
Oh yes I can speak txt 2 u no! Hmm. Did u get  email?,1,0.9968273173106764,1.62e-05,1,0.00027000000000000006
I fetch yun or u fetch?,1,0.9990889488152951,1.44e-05,1,0.00024
He says hi and to get your ass back to south tampa (preferably at a kegger),1,0.999925153785029,1.635e-05,1,0.00027250000000000006
Our brand new mobile music service is now live. The free music player will arrive shortly. Just install on your phone to browse content from the top artists.,1,0.9820137906300968,1.8e-05,1,0.00030000000000000003
I wud never mind if u dont miss me or if u dont need me.. But u wil really hurt me wen u need me &amp; u dont tell me......... Take care:-),1,0.9999785550551181,1.92e-05,1,0.00032
\YEH I AM DEF UP4 SOMETHING SAT,1,0.9975273770409172,1.53e-05,1,0.00025500000000000007
God created gap btwn ur fingers so dat sum1 vry special will fill those gaps by holding ur hands.. Now plz dont ask y he created so much gap between legs !!!,1,0.939913352771458,1.89e-05,1,0.00031500000000000007
Go where n buy? Juz buy when we get there lar.,1,0.9999646437635458,1.545e-05,1,0.0002575
Don't necessarily expect it to be done before you get back though because I'm just now headin out,1,0.9999986290430182,1.635e-05,1,0.00027250000000000006
Moby Pub Quiz.Win a å£100 High Street prize if u know who the new Duchess of Cornwall will be? Txt her first name to 82277.unsub STOP å£1.50 008704050406 SP,0,0.9999832985809043,2.04e-05,0,0.0003400000000000001
No I don't have cancer. Moms making a big deal out of a regular checkup aka pap smear,1,0.9999993524050765,1.65e-05,1,0.00027500000000000007
Yup next stop.,1,0.999993855825675,1.3949999999999999e-05,1,0.0002325
"A bit of Ur smile is my hppnss, a drop of Ur tear is my sorrow, a part of Ur heart is my life, a heart like mine wil care for U, forevr as my GOODFRIEND",1,0.9999898700070629,2.055e-05,1,0.00034250000000000003
"Dear friends, sorry for the late information. Today is the birthday of our loving Ar.Praveesh. for more details log on to face book and see. Its his number + &lt;#&gt; . Dont miss a delicious treat.",1,0.904650527388829,2.085e-05,1,0.00034750000000000004
Moji just informed me that you saved our lives. Thanks.,1,0.9999998144609286,1.53e-05,1,0.00025500000000000007
We still on for tonight?,1,0.9999977396758036,1.4249999999999999e-05,1,0.00023750000000000003
Does cinema plus drink appeal tomo? * Is a fr thriller by director i like on at mac at 8.30.,1,0.9997388095799353,1.71e-05,1,0.00028500000000000004
Check wid corect speling i.e. Sarcasm,1,0.7772998560157665,1.53e-05,1,0.00025500000000000007
East coast,1,0.9706877723755188,1.3799999999999998e-05,1,0.00023
"Playin space poker, u?",1,0.9999962733595507,1.44e-05,1,0.00024
"see you then, we're all christmassy here!",1,0.999999836262321,1.4999999999999999e-05,1,0.00025000000000000006
"To the wonderful Okors, have a great month. We cherish you guys and wish you well each day. MojiBiola",1,0.9999999907625453,1.74e-05,1,0.00029000000000000006
Am not working but am up to eyes in philosophy so will text u later when a bit more free for chat...,1,0.9999997617631575,1.6800000000000002e-05,1,0.00028000000000000003
Thanks  and ! Or bomb and date as my phone wanted to say! ,1,0.9770226300063438,1.575e-05,1,0.00026250000000000004
Is that on the telly? No its Brdget Jones!,1,0.9984988176164028,1.545e-05,1,0.0002575
"Pity, * was in mood for that. So...any other suggestions?",1,0.9997388097978325,1.575e-05,1,0.00026250000000000004
Yunny... I'm goin to be late,1,0.9999991684717123,1.4849999999999998e-05,1,0.00024750000000000005
I'm reaching home in 5 min.,1,0.9999999943971998,1.4549999999999998e-05,1,0.0002425
Lmao. Take a pic and send it to me.,1,0.9999921107405916,1.5149999999999999e-05,1,0.0002525
FREE entry into our å£250 weekly comp just send the word ENTER to 84128 NOW. 18 T&C www.textcomp.com cust care 08712405020.,0,0.9999785550576744,1.8750000000000002e-05,0,0.00031250000000000006
K ill drink.pa then what doing. I need srs model pls send it to my mail id pa.,0,0.6224593382055109,1.665e-05,1,0.0002775
:-) yeah! Lol. Luckily i didn't have a starring role like you!,1,0.9999986290430182,1.56e-05,1,0.00026000000000000003
Yes.he have good crickiting mind,1,0.9820137906300968,1.4699999999999998e-05,1,0.00024500000000000005
wamma get laid?want real doggin locations sent direct to your mobile? join the UKs largest dogging network. txt dogs to 69696 now!nyt. ec2a. 3lp å£1.50/msg.,0,0.9999999985833907,2.055e-05,0,0.00034250000000000003
This weekend is fine (an excuse not to do too much decorating),1,0.9998766054311666,1.545e-05,1,0.0002575
Please dont say like that. Hi hi hi,1,0.9998766054458746,1.4849999999999998e-05,1,0.00024750000000000005
He remains a bro amongst bros,1,0.9999996072138173,1.44e-05,1,0.00024
Haha... They cant what... At the most tmr forfeit... haha so how?,1,0.9914225153545169,1.605e-05,1,0.00026750000000000005
Will do. Was exhausted on train this morning. Too much wine and pie. You sleep well too,1,0.9999996072138173,1.65e-05,1,0.00027500000000000007
"Sppok up ur mob with a Halloween collection of nokia logo&pic message plus a FREE eerie tone, txt CARD SPOOK to 8007",0,0.998498817795438,1.815e-05,1,0.00030250000000000003
Collect your VALENTINE'S weekend to PARIS inc Flight & Hotel + å£200 Prize guaranteed! Text: PARIS to No: 69101. www.rtf.sphosting.com,0,0.9999999907625464,1.95e-05,0,0.00032500000000000004
Loosu go to hospital. De dont let it careless.,1,0.7772998663336158,1.5149999999999999e-05,1,0.0002525
Well there's not a lot of things happening in Lindsay on New years *sighs* Some bars in Ptbo and the blue heron has something going,1,0.9999952149040094,1.815e-05,1,0.00030250000000000003
Do you want a new video handset? 750 anytime any network mins? Half Price Line Rental? Camcorder? Reply or call 08000930705 for delivery tomorrow,0,0.9999898700082703,1.86e-05,0,0.00031000000000000005
"Hi this is Amy, we will be sending you a free phone number in a couple of days, which will give you an access to all the adult parties...",0,0.9999999468421337,1.815e-05,0,0.00030250000000000003
ÌÏ v ma fan...,0,0.9968273165676951,1.44e-05,1,0.00024
HMV BONUS SPECIAL 500 pounds of genuine HMV vouchers to be won. Just answer 4 easy questions. Play Now! Send HMV to 86688 More info:www.100percent-real.com,0,0.9999999634651677,1.965e-05,0,0.00032750000000000005
I was just callin to say hi. Take care bruv!,1,0.9999999586005919,1.545e-05,1,0.0002575
Ultimately tor motive tui achieve korli.,1,0.679178699175393,1.4549999999999998e-05,1,0.0002425
"I think IÛ÷m waiting for the same bus! Inform me when you get there, if you ever get there.",1,0.9998766054311666,1.755e-05,1,0.00029250000000000006
Hows the street where the end of library walk is?,1,0.9999921107396511,1.5149999999999999e-05,1,0.0002525
We don call like  &lt;#&gt;  times oh. No give us hypertension oh.,1,0.9525741261492485,1.665e-05,1,0.0002775
Want 2 get laid tonight? Want real Dogging locations sent direct 2 ur mob? Join the UK's largest Dogging Network bt Txting GRAVEL to 69888! Nt. ec2a. 31p.msg@150p,0,0.9999999993308412,2.085e-05,0,0.00034750000000000004
K tell me anything about you.,1,0.9996646497871869,1.44e-05,1,0.00024
Desires- u going to doctor 4 liver. And get a bit stylish. Get ur hair managed. Thats it.,1,0.9999646437382574,1.71e-05,1,0.00028500000000000004
Dear good morning now only i am up,1,0.9999898700082703,1.4699999999999998e-05,1,0.00024500000000000005
Have you heard about that job? I'm going to that wildlife talk again tonight if u want2come. Its that2worzels and a wizzle or whatever it is?! ,1,0.999964643734043,1.89e-05,1,0.00031500000000000007
Exactly. Anyways how far. Is jide her to study or just visiting,1,0.9999977396760731,1.575e-05,1,0.00026250000000000004
You in your room? I need a few,1,0.9706877690896499,1.4849999999999998e-05,1,0.00024750000000000005
Badrith is only for chennai:)i will surely pick for us:)no competition for him.,1,0.9999251537761079,1.65e-05,1,0.00027500000000000007
Me sef dey laugh you. Meanwhile how's my darling anjie!,1,0.999964643734043,1.545e-05,1,0.0002575
Am i that much bad to avoid like this?,1,0.9999832985769227,1.4849999999999998e-05,1,0.00024750000000000005
Carlos says he'll be at mu in  &lt;#&gt;  minutes,1,0.9914225153545169,1.605e-05,1,0.00026750000000000005
Nobody names their penis a girls name this story doesn't add up at all,1,0.9992903296590202,1.56e-05,1,0.00026000000000000003
How much would it cost to hire a hitman,0,0.9999999123574876,1.4999999999999999e-05,0,0.00025000000000000006
K da:)how many page you want?,1,0.9996646498271504,1.4699999999999998e-05,1,0.00024500000000000005
"\ALRITE HUNNY!WOT U UP 2 2NITE? DIDNT END UP GOIN DOWN TOWN JUS DA PUB INSTEAD! JUS CHILLIN AT DA MO IN ME BEDROOM!LOVE JEN XXX.\""""",1,0.999925153785029,2.16e-05,1,0.0003600000000000001
When did you get to the library,1,0.9999998555020372,1.4549999999999998e-05,1,0.0002425
Good night my dear.. Sleepwell&amp;Take care,1,0.9999996072137706,1.5149999999999999e-05,1,0.0002525
on a Tuesday night r u 4 real,1,0.9995694429845969,1.4849999999999998e-05,1,0.00024750000000000005
Then why no one talking to me,1,0.9999989322974325,1.4549999999999998e-05,1,0.0002425
"For ur chance to win a å£250 cash every wk TXT: ACTION to 80608. T's&C's www.movietrivia.tv custcare 08712405022, 1x150p/wk.",0,0.9999970976871072,2.025e-05,0,0.00033750000000000007
URGENT! We are trying to contact U. Todays draw shows that you have won a å£2000 prize GUARANTEED. Call 09066358361 from land line. Claim Y87. Valid 12hrs only,0,0.9999999998837177,2.0700000000000002e-05,0,0.00034500000000000004
"Tee hee. Off to lecture, cheery bye bye.",1,0.9999999634651546,1.53e-05,1,0.00025500000000000007
Yeah that's the impression I got,1,0.9999921107396511,1.44e-05,1,0.00024
The search 4 happiness is 1 of d main sources of unhappiness! Accept life the way it comes! U will find happiness in every moment u live.,1,0.9999982396562362,1.83e-05,1,0.00030500000000000004
In which place do you want da.,1,0.9999038975548781,1.4549999999999998e-05,1,0.0002425
Talk sexy!! Make new friends or fall in love in the worlds most discreet text dating service. Just text VIP to 83110 and see who you could meet.,0,0.9999038975663326,1.83e-05,0,0.00030500000000000004
"Yo, I'm at my parents' gettin cash. Good news: we picked up a downstem",1,0.9890130589582412,1.65e-05,1,0.00027500000000000007
Am on a train back from northampton so i'm afraid not! I'm staying skyving off today ho ho! Will be around wednesday though. Do you fancy the comedy club this week by the way?,1,0.9999989322975598,1.95e-05,1,0.00032500000000000004
Can do lor...,1,0.9968273173106764,1.3949999999999999e-05,1,0.0002325
"Living is very simple.. Loving is also simple.. Laughing is too simple.. Winning is tooo simple.. But, being 'SIMPLE' is very difficult.. Gud nte.:-",1,0.9999997617630723,1.905e-05,1,0.0003175000000000001
But i have to. I like to have love and arrange.,1,0.9975273773343737,1.53e-05,1,0.00025500000000000007
"Wait that's still not all that clear, were you not sure about me being sarcastic or that that's why x doesn't want to live with us",1,0.9999991684717123,1.77e-05,1,0.00029500000000000007
Keep my payasam there if rinu brings,1,0.9999724643003081,1.4849999999999998e-05,1,0.00024750000000000005
I'm in a movie... Collect car oredi...,1,0.9984988176164028,1.4849999999999998e-05,1,0.00024750000000000005
Great. Hope you are using your connections from mode men also cos you can never know why old friends can lead you to today,1,0.998073265212425,1.725e-05,1,0.00028750000000000005
I am great princess! What are you thinking about me? :),1,0.9999986290431816,1.53e-05,1,0.00025500000000000007
Take something for pain. If it moves however to any side in the next 6hrs see a doctor.,1,0.9999546021334291,1.665e-05,1,0.0002775
Hey whats up? U sleeping all morning?,1,0.9999977396760731,1.4699999999999998e-05,1,0.00024500000000000005
Ok lor but not too early. Me still having project meeting now.,1,0.9999996940977868,1.545e-05,1,0.0002575
I am hot n horny and willing I live local to you - text a reply to hear strt back from me 150p per msg Netcollex LtdHelpDesk: 02085076972 reply Stop to end,0,0.9999999990263795,2.01e-05,0,0.00033500000000000007
1's reach home call me.,1,0.9859363728017917,1.4549999999999998e-05,1,0.0002425
Alright i have a new goal now,1,0.9999977396758036,1.4699999999999998e-05,1,0.00024500000000000005
Hey gals.. Anyone of u going down to e driving centre tmr?,1,0.9999970976867613,1.56e-05,1,0.00026000000000000003
Oic... I saw him too but i tot he din c me... I found a group liao...,1,0.999964643734043,1.665e-05,1,0.0002775
Boy you best get yo ass out here quick,1,0.9968273169329268,1.4849999999999998e-05,1,0.00024750000000000005
Den wat will e schedule b lk on sun?,1,0.9626731127897337,1.4849999999999998e-05,1,0.00024750000000000005
You available now? I'm like right around hillsborough &amp;  &lt;#&gt; th,1,0.9820137885574375,1.6800000000000002e-05,1,0.00028000000000000003
"K, text me when you're on the way",1,0.9999999226557443,1.4849999999999998e-05,1,0.00024750000000000005
Meet after lunch la...,1,0.9999996072138173,1.4099999999999999e-05,1,0.00023500000000000002
Hi msg me:)i'm in office..,1,0.9997965730602427,1.4699999999999998e-05,1,0.00024500000000000005
Am watching house ÛÒ very entertaining ÛÒ am getting the whole hugh laurie thing ÛÒ even with the stick ÛÒ indeed especially with the stick.,1,0.9999970976871072,1.995e-05,1,0.00033250000000000006
Realy sorry-i don't recognise this number and am now confused :) who r u please?! ,1,0.999964643734043,1.62e-05,1,0.00027000000000000006
Lol! Nah wasn't too bad thanks. Its good to b home but its been quite a reality check. Hows ur day been? Did u do anything with website?,1,0.9999999006880002,1.845e-05,1,0.00030750000000000005
"Nt only for driving even for many reasons she is called BBD..thts it chikku, then hw abt dvg cold..heard tht vinobanagar violence hw is the condition..and hw ru ? Any problem?",1,0.998073265212425,2.04e-05,1,0.0003400000000000001
Send this to ur friends and receive something about ur voice..... How is my speaking expression? 1.childish 2.naughty 3.Sentiment 4.rowdy 5.ful of attitude 6.romantic 7.shy 8.Attractive 9.funny  &lt;#&gt; .irritating  &lt;#&gt; .lovable. reply me..,0,0.5621765008857982,2.595e-05,1,0.00043250000000000005
Don't forget though that I love you .... And I walk beside you. Watching over you and keeping your heart warm.,1,0.9999999123574563,1.6800000000000002e-05,1,0.00028000000000000003
"Fair enough, anything going on?",1,0.9999869928705738,1.44e-05,1,0.00024
Gud mrng dear have a nice day,1,0.9999999804443085,1.4699999999999998e-05,1,0.00024500000000000005
Mum not going robinson already.,1,0.9959298627144747,1.44e-05,1,0.00024
Ryder unsold.now gibbs.,0,0.9525741281688026,1.44e-05,1,0.00024
Ok lor thanx... ÌÏ in school?,1,0.9999724643003081,1.4999999999999999e-05,1,0.00025000000000000006
